Табличка / направление,Начало маршрута,Окончание маршрута,Тип рейса
OZON Большевиков,"Большевиков, д.1","Ст.м.Дыбенко - Московское ш., 145с10",1/2 круга
OZON Большевиков,"Московское ш., 145с10","Ст.м.Дыбенко - Большевиков, д.1",1/2 круга
OZON Большевиков,"Московское ш., 145с10","Ст.м.Дыбенко - Большевиков, д.1",Прямой
OZON Большевиков,"Большевиков, д.1","Ст.м.Дыбенко - Московское ш., 145с10",Прямой
OZON Большевиков (ФФ),"Большевиков, д.1","Ст.м.Дыбенко - Московское ш., 141/143",1/2 круга
OZON Большевиков (ФФ),"Московское ш., 141/143","Ст.м.Дыбенко - Большевиков, д.1",1/2 круга
"OZON Большевиков (Штат Софийская, 118)",Ст.м. Проспект Большевиков,"Софийская, 118 к.4 стр.1",1/2 круга
"OZON Большевиков (Штат Софийская, 118)","Софийская, 118 к.4 стр.1",Ст.м. Проспект Большевиков,1/2 круга
OZON Бугры (Всеволожск),"Всеволожск, Колтушское шоссе, 39Б","Бугры, Шоссейная ул., 50к1",1/2 круга
OZON Бугры (Всеволожск),"Бугры, Шоссейная ул., 50к1","Всеволожск, Колтушское шоссе, 39Б",1/2 круга
OZON Бугры (Заневский),"Заневский пр.,32к2","Бугры, Шоссейная ул., 50к1",1/2 круга
OZON Бугры (Заневский),"Бугры, Шоссейная ул., 50к1","Заневский пр.,32к2",1/2 круга
OZON Бугры (Цветной город),"Васнецовский проспект, 28","Бугры, Шоссейная ул., 50к1",1/2 круга
OZON Бугры (Цветной город),"Бугры, Шоссейная ул., 50к1","Васнецовский проспект, 28",1/2 круга
OZON Бугры (Янино-1),"Янино-1, Шоссейная ул., 23","Бугры, Шоссейная ул., 50к1",Прямой
OZON Бугры (Янино-1),"Бугры, Шоссейная ул., 50к1","Янино-1, Шоссейная ул., 32",Прямой
OZON Бугры (ст.м. Беговая),Ст.м. Беговая,"Бугры, Шоссейная ул., 50к1",1/2 круга
OZON Бугры (ст.м. Беговая),"Бугры, Шоссейная ул., 50к1",Ст.м. Беговая,1/2 круга
OZON Бугры (ст.м. Девяткино),Ст.м. Девяткино,"Бугры, Шоссейная ул., 50к1",1/2 круга
OZON Бугры (ст.м. Девяткино),"Бугры, Шоссейная ул., 50к1",Ст.м. Девяткино,1/2 круга
OZON Бугры (ст.м. Девяткино),Ст.м. Девяткино,"Бугры, Шоссейная ул., 50к1",Прямой
OZON Бугры (ст.м. Девяткино),"Бугры, Шоссейная ул., 50к1",Ст.м.Девяткино,Прямой
OZON Бугры (ст.м. Девяткино),"Бугры, Шоссейная ул., 50к1",Ст.м. Девяткино,Прямой
OZON Бугры (ст.м. Дыбенко),Ст.м. Дыбенко,"Бугры, Шоссейная ул., 50к1",1/2 круга
OZON Бугры (ст.м. Дыбенко),"Бугры, Шоссейная ул., 50к1",Ст.м. Дыбенко,1/2 круга
OZON Бугры (ст.м. Дыбенко),Ст.м. Дыбенко,"Бугры, Шоссейная ул., 50к1",Прямой
OZON Бугры (ст.м. Дыбенко),"Бугры, Шоссейная ул., 50к1",Ст.м. Дыбенко,Прямой
OZON Ветеранов,Ст.м. Проспект Ветеранов,"Московское ш., 145с10",1/2 круга
OZON Ветеранов,"Московское ш., 145с10",Ст.м. Проспект Ветеранов,1/2 круга
OZON Ветеранов,"Московское ш., 145с10",Ст.м. Проспект Ветеранов,Прямой
OZON Ветеранов,Ст.м. Ветеранов,"Московское ш., 145с10",Прямой
OZON Ветеранов,Ст.м. Проспект Ветеранов,"Московское ш., 145с10",Прямой
OZON Ветеранов (ПСЦ Софийская),"Дачный пр., 23к1","Софийская, 118 к.4 стр.1",Прямой
OZON Гатчина,"Московское ш., 145с10","Гатчина, Варшавский вокзал",Прямой
OZON Гатчина,"Гатчина, Варшавский вокзал","Московское ш., 145с10",Прямой
OZON Гатчина (ФФ),"Гатчина, Балтийский вокзал","Московское ш., 143",Прямой
OZON Гатчина (ФФ),"Московское ш., 143","Гатчина, Балтийский вокзал",Прямой
"OZON Гатчина (Штат Софийская, 118)","Гатчина, Варшавский вокзал","Софийская, 118 к.4 стр.1",1/2 круга
"OZON Гатчина (Штат Софийская, 118)","Софийская, 118 к.4 стр.1","Гатчина, Варшавский вокзал",1/2 круга
OZON Дунайская (ФФ Шушары),Загребский бульвар 23 к.1,"Московское ш., 141-143",Прямой
OZON Дыбенко (ФФ),"ул. Дыбенко, 27к4","Московское ш., 141/143",1/2 круга
OZON Дыбенко (ФФ),Ст.м. Дыбенко,"Московское ш.,143",1/2 круга
OZON Дыбенко (ФФ),"Московское ш., 141/143",Ст.м.Дыбенко,1/2 круга
OZON Дыбенко (ФФ),"Московское ш., 143","ст.м.Дыбенко - Большевиков, д.1",1/2 круга
OZON Дыбенко (ФФ),Ст.м. Дыбенко,"Московское ш., 143",1/2 круга
OZON Дыбенко (ФФ),"Московское ш., 143",Ст.м. Дыбенко,1/2 круга
OZON КГТ Волхонское (Ст.м. Ветеранов),"Пр. Ветеранов, 21","Волхонское шоссе, 108с5",1/2 круга
OZON КГТ Волхонское (Ст.м. Ветеранов),"Пр. Ветеранов, 23","Волхонское шоссе, 108с5",1/2 круга
OZON КГТ Волхонское (Ст.м. Ветеранов),"Волхонское шоссе, 108с5","бульвар Новаторов, 83А",1/2 круга
OZON КГТ Волхонское (Ст.м. Ветеранов),"Волхонское шоссе, 108с5","бульвар Новаторов, 83А",Прямой
OZON Комендантский,Ст.м. Комендантский пр.,"Бугры, Шоссейная ул., 50к1",1/2 круга
OZON Комендантский,"Бугры, Шоссейная ул., 50к1",Ст.м. Комендантский пр.,1/2 круга
OZON Комендантский,Ст.м. Комендантский пр.,"Бугры, Шоссейная ул., 50к1",Прямой
OZON Комендантский,"Бугры, Шоссейная ул., 50к1",Ст.м. Комендантский пр.,Прямой
OZON Комьюнити Заневский,"Заневский пр., 32к2","Софийская, 118 к4 стр.1",1/2 круга
OZON Комьюнити Заневский,"Софийская, 118 к4 стр.1","Заневский пр., 32к2",1/2 круга
OZON Комьюнити Минеральная,"ул. Минеральная, 29","Софийская, 118 к4 стр.1",1/2 круга
OZON Комьюнити Минеральная,"Софийская, 118 к4 стр.1","ул. Минеральная, 29",1/2 круга
"OZON Красноармейская (Штат Софийская, 118)","Софийская, 118 к.4 стр.1","2-я Красноармейская ул., 1",1/2 круга
"OZON Красноармейская (Штат Софийская, 118)","2-я Красноармейская ул., 1","Софийская, 118 к.4 стр.1",1/2 круга
"OZON Красноармейская (Штат Софийская, 118)","2-я Красноармейская ул., 1","Софийская, 118 к.4 стр.1",Прямой
"OZON Красноармейская (Штат Софийская, 118)","Софийская, 118 к.4 стр.1","2-я Красноармейская ул., 1",Прямой
OZON Купчино,Ст.м. Купчино,"Московское ш., 145с10",1/2 круга
OZON Купчино,"Московское ш., 145с10",Ст.м. Купчино,1/2 круга
OZON Купчино,"Московское ш., 145с10",Ст.м. Купчино,Прямой
OZON Купчино,Ст.м. Купчино,"Московское ш., 145с10",Прямой
OZON Купчино (ФФ),"Московское ш., 143",Ст.м. Купчино - ст.м. Дунайская,Прямой
OZON Купчино (дети),Ст.м. Купчино,"Московское ш., 145с10",Прямой
OZON Купчино (дети),"Московское ш., 145с10",Ст.м. Купчино,Прямой
OZON ЛЦ Волхонское (Горелово),"Красносельское ш., 2к2","Волхонское шоссе, 108",1/2 круга
OZON ЛЦ Волхонское (Горелово),"Волхонское шоссе, 108","Красносельское ш., 2к2",1/2 круга
OZON ЛЦ Волхонское (Горелово),"Волхонское шоссе, 108","Красносельское ш., 2к2",Прямой
OZON ЛЦ Волхонское (Красное село),"Красное село, проспект Ленина, 108","Волхонское шоссе, 108",1/2 круга
OZON ЛЦ Волхонское (Красное село),"Волхонское шоссе, 108","Красное село, проспект Ленина, 77А",1/2 круга
OZON ЛЦ Волхонское (Стрельна),"Стрельна, Фронтовая улица, 10Б","Волхонское шоссе, 108с2",1/2 круга
OZON ЛЦ Волхонское (Стрельна),Ветеранов 183,"Волхонское шоссе, 108с2",1/2 круга
OZON ЛЦ Волхонское (Стрельна),"Волхонское шоссе, 108с2","Стрельна, Фронтовая улица, 10Б",1/2 круга
OZON ЛЦ Волхонское (Стрельна),"Волхонское шоссе, 108с2",Ветеранов 183,1/2 круга
OZON ЛЦ Волхонское (ст.м. Ветеранов),"Бульвар Новаторов, 98В","Волхонское шоссе, 108",1/2 круга
OZON ЛЦ Волхонское (ст.м. Ветеранов),"Волхонское шоссе, 108","Бульвар Новаторов, 98В",1/2 круга
OZON ЛЦ Волхонское (ст.м. Ветеранов),Ст.м. Проспект Ветеранов,"Волхонское шоссе, 108",1/2 круга
OZON ЛЦ Волхонское (ст.м. Ветеранов),"Волхонское шоссе, 108",Ст.м. Проспект Ветеранов,1/2 круга
OZON ЛЦ Волхонское (ст.м. Ветеранов),Ст.м. Проспект Ветеранов,"Волхонское шоссе, 108с5",1/2 круга
OZON ЛЦ Волхонское (ст.м. Ветеранов),"Волхонское шоссе, 108с5",Ст.м. Проспект Ветеранов,1/2 круга
OZON ЛЦ Волхонское (ст.м. Ветеранов),"Бульвар Новаторов, 98В","Волхонское шоссе, 108",Прямой
OZON ЛЦ Волхонское (ст.м. Ветеранов),"Волхонское шоссе, 108","Бульвар Новаторов, 98В",Прямой
OZON ЛЦ Волхонское (ст.м. Купчино),"Витебский пр., 101к1 (Ст.м. Купчино)","Волхонское шоссе, 108",1/2 круга
OZON ЛЦ Волхонское (ст.м. Купчино),"Волхонское шоссе, 108",Ст.м. Купчино,1/2 круга
OZON ЛЦ Волхонское (шаттл ЖК Солнечный город),"Проспект Ветеранов, 168","Волхонское шоссе, 108",1/2 круга
OZON ЛЦ Волхонское (шаттл ЖК Солнечный город),"Волхонское шоссе, 108","Проспект Ветеранов, 168",1/2 круга
OZON ЛЦ Волхонское (шаттл ЖК Солнечный город),"Проспект Ветеранов, 168","Волхонское шоссе, 108с5",1/2 круга
OZON ЛЦ Волхонское (шаттл ЖК Солнечный город),"Волхонское шоссе, 108с5","Проспект Ветеранов, 168",1/2 круга
OZON ЛЦ Волхонское (шаттл ст.м. Ветеранов),Ст.м. Проспект Ветеранов,"Волхонское шоссе, 108",1/2 круга
OZON ЛЦ Волхонское (шаттл ст.м. Ветеранов),"Волхонское шоссе, 108",Ст.м. Проспект Ветеранов,1/2 круга
OZON ЛЦ Волхонское (шаттл ст.м. Ветеранов),Ст.м. Проспект Ветеранов,"Волхонское шоссе, 108с5",1/2 круга
OZON ЛЦ Волхонское (шаттл ст.м. Ветеранов),"Волхонское шоссе, 108с5",Ст.м. Проспект Ветеранов,1/2 круга
OZON ЛЦ Горское (Кудрово),"Кудрово, Новая ул.","Парголово, Горское ш., 6с16",1/2 круга
OZON ЛЦ Горское (Кудрово),"Парголово, Горское ш., 6с16","Кудрово, Новая ул.",1/2 круга
OZON ЛЦ Шушары (Ст.м. Ладожская),Ст.м. Ладожская,"Московское ш., 145с10",1/2 круга
OZON ЛЦ Шушары (Ст.м. Ладожская),"Московское ш., 145с10",Ст.м. Ладожская,1/2 круга
OZON ПСЦ Колпино (Кировск),"г. Кировск, Театральная площадь","Колпинское ш., 135с2",1/2 круга
OZON ПСЦ Колпино (Кировск),"Колпинское ш., 135с2","г. Кировск, Театральная площадь",1/2 круга
OZON ПСЦ Колпино (Кудрово),"Кудрово, Пражская ул., 9","Колпинское ш., 135с2",1/2 круга
OZON ПСЦ Колпино (Кудрово),"Колпинское ш., 135с2","Кудрово, Пражская ул., 9",1/2 круга
OZON ПСЦ Колпино (м. Большевиков),"улица Коллонтай, 21к1","Колпинское ш., 135с2",1/2 круга
OZON ПСЦ Колпино (м. Большевиков),"Колпинское ш., 135с2","Пр. Большевиков, д.2",1/2 круга
OZON ПСЦ Колпино (м. Ветеранов),"Дачный пр., 19к1","Колпинское ш., 135с2",1/2 круга
OZON ПСЦ Колпино (м. Ветеранов),"Колпинское ш., 135с2","Дачный пр., 18",1/2 круга
OZON ПСЦ Колпино (м. Ладожская),Ст.м. Ладожская,"Колпинское ш., 135с2",1/2 круга
OZON ПСЦ Колпино (м. Ладожская),"Колпинское ш., 135с2",Ст.м. Ладожская,1/2 круга
OZON Парголово (Сертолово),"п. Парголово, ул Подгорная 61 (ЛЦ Парголово, Склад №5)","Сертолово-2, ЖК Новое Сертолово",Прямой
OZON Парголово (Сертолово),"Сертолово-2, ЖК Новое Сертолово","п. Парголово, ул Подгорная 61 (ЛЦ Парголово, Склад №5)",Прямой
OZON Парголово (Ст.м. Девяткино),"п. Парголово, ул Подгорная 61 (ЛЦ Парголово, Склад №5)",Ст.м. Девяткино,Прямой
OZON Парголово (Ст.м. Девяткино),Ст.м. Девяткино,"п. Парголово, ул Подгорная 61 (ЛЦ Парголово, Склад №5)",Прямой
OZON Парголово (Ст.м. Парнас),"п. Парголово, ул Подгорная 61 (ЛЦ Парголово, Склад №5)",Ст.м. Парнас,Прямой
OZON Парголово (Ст.м. Парнас),Ст.м. Парнас,"п. Парголово, ул Подгорная 61 (ЛЦ Парголово, Склад №5)",Прямой
OZON Парголово (Ст.м. Пионерская),"п. Парголово, ул Подгорная 61 (ЛЦ Парголово, Склад №5)",Ст.м. Пионерская,Прямой
OZON Парголово (Ст.м. Пионерская),Ст.м. Пионерская,"п. Парголово, ул Подгорная 61 (ЛЦ Парголово, Склад №5)",Прямой
OZON Парголово (Ст.м. Просвещения),"п. Парголово, ул Подгорная 61 (ЛЦ Парголово, Склад №5)",Ст.м. Проспект Просвещения,1/2 круга
OZON Парголово (Ст.м. Просвещения),Ст.м. Проспект Просвещения,"п. Парголово, ул Подгорная 61 (ЛЦ Парголово, Склад №5)",1/2 круга
OZON Парголово (Ст.м. Просвещения),"п. Парголово, ул Подгорная 61 (ЛЦ Парголово, Склад №5)",Ст.м. Проспект Просвещения,Прямой
OZON Парголово (Ст.м. Просвещения),Ст.м. Проспект Просвещения,"п. Парголово, ул Подгорная 61 (ЛЦ Парголово, Склад №5)",Прямой
OZON Парголово (Ст.м. Просвещения),пр-т Просвещнеия 34Г (автобусная остановка),"п. Парголово, ул Подгорная 61 (ЛЦ Парголово, Склад №5)",Прямой
OZON Парголово (Ст.м. Старая Деревня),"п. Парголово, ул Подгорная 61 (ЛЦ Парголово, Склад №5)",Ст.м. Старая Деревня,Прямой
OZON Парголово (Ст.м. Старая Деревня),"Ст.м. Старая Деревня, Гаккелевская ул.","п. Парголово, ул Подгорная 61 (ЛЦ Парголово, Склад №5)",Прямой
OZON Парнас,Ст.м. Парнас,"Бугры, Шоссейная ул., 50к1",1/2 круга
OZON Парнас,"Бугры, Шоссейная ул., 50к1",Ст.м. Парнас,1/2 круга
OZON Парнас,Ст.м. Парнас,"Бугры, Шоссейная ул., 50к1",Прямой
OZON Парнас,"Бугры, Шоссейная ул., 50к1",Ст.м. Парнас,Прямой
OZON Понссе,Дачный 19к1,"Понссе, 20",1/2 круга
OZON Понссе,"Понссе, 20",Дачный 19к1,1/2 круга
OZON Понссе,"Понссе, 20",Дачный 19к1,Прямой
OZON Понссе (ст.м. Ветеранов),Дачный 19к1,"Понссе, 20",1/2 круга
OZON Понссе (ст.м. Ветеранов),"Понссе, 20",Дачный 19к1,1/2 круга
OZON Понссе (ст.м. Ветеранов),"Понссе, 20",Дачный 19к1,Прямой
OZON Просвещения,Ст.м. Проспект Просвещения,"Бугры, Шоссейная ул., 50к1",1/2 круга
OZON Просвещения,"Бугры, Шоссейная ул., 50к1",Ст.м. Проспект Просвещения,1/2 круга
OZON Просвещения,Ст.м. Проспект Просвещения,"Бугры, Шоссейная ул., 50к1",Прямой
OZON Просвещения,"Бугры, Шоссейная ул., 50к1",Ст.м. Проспект Просвещения,Прямой
OZON РЦ Бугры (Ст.м. Девяткино),Ст.м. Девяткино,"Бугры, Шоссейная ул., 58к1",Прямой
OZON РЦ Бугры (Ст.м. Девяткино),"Бугры, Шоссейная ул., 58к1",Ст.м. Девяткино,Прямой
OZON РЦ Бугры (Ст.м. Просвещения),Ст.м. Проспект Просвещения,"Бугры, Шоссейная ул., 58к1",Прямой
OZON РЦ Бугры (Ст.м. Просвещения),"Бугры, Шоссейная ул., 58к1",Ст.м. Проспект Просвещения,Прямой
OZON Раум Бугры (Ст.м. Девяткино),Ст.м. Девяткино,"КАД, 23-й километр, внутреннее кольцо, 2",1/2 круга
OZON Раум Бугры (Ст.м. Девяткино),"КАД, 23-й километр, внутреннее кольцо, 2",Ст.м. Девяткино,1/2 круга
"OZON Рыбацкое (Штат Софийская, 118)","Ст.м. Рыбацкое, 3-й Рыбацкий проезд","Софийская, 118 к.4 стр.1",1/2 круга
"OZON Рыбацкое (Штат Софийская, 118)","Софийская, 118 к.4 стр.1","Ст.м. Рыбацкое, 3-й Рыбацкий проезд",1/2 круга
OZON Тосно (ФФ),"г. Тосно, Боярова 2А","Московское ш., 143",Прямой
OZON Тосно (ФФ),"Московское ш., 143",г. Тосно (вокзал),Прямой
OZON Шушары,Ст.м. Шушары,"Московское ш., 145с10",Прямой
OZON Шушары,"Московское ш., 145с10",Ст.м. Шушары,Прямой
VALTEC,"Невский пр., 175","ул. Профессора Качалова, 11к3",Прямой
VALTEC,"ул. Профессора Качалова, 11к3",Амбарная ул.,Прямой
Valtec,"Невский пр., 175","ул. Профессора Качалова, 11к3",Прямой
Valtec,"ул. Профессора Качалова, 11к3",Амбарная ул.,Прямой
АНО ДПО «РАТМЕД»,Ст.м. Ветеранов,"территория ССК Русское Оружие, Виллозское городское поселение",Прямой
АНО ДПО «РАТМЕД»,"территория ССК Русское Оружие, Виллозское городское поселение",Ст.м. Ветеранов,Прямой
АО «ЦКБМ»,"Пр. Стачек, 47Ш","проспект Стачек, 47Л (до 8:20)",Прямой
АО «ЦКБМ»,"проспект Стачек, 47Л","Корабельная улица, 5 (до 16:30)",Прямой
АО «ЦКБМ»,"проспект Стачек, 47Л","Корабельная улица, 5 (до 17:30)",Прямой
АО ЮЗ ТЭЦ,"Авиационная ул., 9","ул. Доблести, 1",Прямой
АО ЮЗ ТЭЦ,"ул. Доблести, 1",Ст.м. Ленинский пр.,Прямой
АПГ,"Авиационная ул, напротив дома 7, остановка","Гатчина, проезд Энергетиков, 15",Прямой
АПГ,"Авиационная ул, напротив дома 7, остановка","Гатчина, Индустриальная, 16Б",Прямой
АПГ,"Гатчина, проезд Энергетиков, 15","Авиационная ул, напротив дома 7, остановка",Прямой
АПГ,"Гатчина, Индустриальная, 16Б","Авиационная ул, напротив дома 7, остановка",Прямой
Ай Би Фэсилити,Ст.м.Беговая,"Лахтинский просп., 83, корп. 2 - Лахта",Прямой
Ай Би Фэсилити,Лахта,Ст.м. Беговая,Прямой
Ай Би Фэсилити (В.О.),ул. Наличная 40к1(карман),"В.О., бульв. Головнина, д. 11 (по ЗСД) - 2 мирика",Прямой
Ай Би Фэсилити (В.О.),ул. Наличная 40к1(карман),"В.О., бульв. Головнина, д. 11 (по ЗСД)",Прямой
Ай Би Фэсилити (В.О.),"В.О., бульв. Головнина, д. 11 (по ЗСД) - 2 мирика",ул. Наличная 40к1(карман),Прямой
Ай Би Фэсилити (В.О.),"В.О., бульв. Головнина, д. 11 (по ЗСД)",ул. Наличная 40к1(карман),Прямой
АртСтройДок,Ст.м. Беговая,Кронштадт ул. Макаровская 2Л,Прямой
АртСтройДок,Кронштадт ул. Макаровская 2Л,Ст.м. Беговая,Прямой
Аюна,"Комендантский проспект, 65","Шафировский пр., 17П",Прямой
Аюна,"Шафировский пр., 17П","Комендантский проспект, 65",Прямой
"Аюна (Комендантский, 65)","Комендантский проспект, 65","Шафировский пр., 17П",Прямой
"Аюна (Комендантский, 65)","Шафировский пр., 17П","Комендантский проспект, 65",Прямой
Аюна (ст.м. Проспект Просвещения),Просвещения 31,"Шафировский пр., 17П",Прямой
Аюна (ст.м. Проспект Просвещения),"Шафировский пр., 17П",Просвещения 31,Прямой
БИЗНЕС BOX,Ст.м. Беговая,"Лахтинский пр., 85к1",Прямой
БИЗНЕС BOX,"Лахтинский пр., 85к1",Ст.м. Беговая,Прямой
БТК (ОП Порошкино),Ст.м. Парнас,"Трасса Юкки - Кузьмолово, 7-й километр, 2",Прямой
БТК (ОП Порошкино),"Трасса Юкки - Кузьмолово, 7-й километр, 2",Ст.м. Парнас,Прямой
БТК (пос. Романовка),"пос. Романовка, 1а",г.Всеволожск ул. Ленинградская д.14/1,Прямой
БТК (пос. Романовка),г.Всеволожск ул. Ленинградская д.14/1,"пос. Романовка, 1а",Прямой
БТК (ш. Революции),"ш. Революции, д.52",г.Всеволожск ул. Ленинградская д.14/1,Прямой
БТК (ш. Революции),г.Всеволожск ул. Ленинградская д.14/1,"ш. Революции, д.52",Прямой
БТК ОП Порошкино (ст.м. Девяткино),Ст.м. Девяткино,"Всеволожский район, трасса Юкки - Кузьмолово, 7-й километр, 19",Прямой
БТК ОП Порошкино (ст.м. Девяткино),"Всеволожский район, трасса Юкки - Кузьмолово, 7-й километр, 19",Ст.м. Девяткино,Прямой
БТК ОП Порошкино (ст.м. Парнас),Ст.м. Парнас,"Всеволожский район, трасса Юкки - Кузьмолово, 7-й километр, 19",Прямой
БТК ОП Порошкино (ст.м. Парнас),"Всеволожский район, трасса Юкки - Кузьмолово, 7-й километр, 19",Ст.м. Парнас,Прямой
Би Си Си,Ст.м. Проспект Просвещения,"АК ""Левашово""",Прямой
Би Си Си,"АК ""Левашово""",Ст.м. Проспект Просвещения,Прямой
Био Витрум,"Промзона Горелово, 3-я улица, 1",Ст.м. Проспект Ветеранов,Прямой
Бристоль (Красное Село),"Красное Село, ул. Первого мая","Волхонское ш., 3к2",Прямой
Бристоль (Красное Село),"Волхонское ш., 3к2","Красное Село, ул. Первого мая",Прямой
Бристоль (Ст.м. Московская),"Ст.м. Московская Демонстрационный пр-д, остановка","Волхонское ш., 3к2",Прямой
Бристоль (Ст.м. Московская),"Волхонское ш., 3к2","Ст.м. Московская Демонстрационный пр-д, остановка",Прямой
Бристоль (пос. Сельцо),Пос. Сельцо (Волосовский район),"Волхонское ш., 3к2",Прямой
Бристоль (пос. Сельцо),"Волхонское ш., 3к2",Пос. Сельцо (Волосовский район),Прямой
Велта,"Витебский пр., 99 (ст.м. Купчино)","Колпинское шоссе, 135к2с1",1/2 круга
Велта,"Колпинское шоссе, 135к2с1",Ст.м. Купчино,1/2 круга
Велта,"Витебский пр., 99 (ст.м. Купчино)","Колпинское шоссе, 135к2с1",Прямой
Велта,"Колпинское шоссе, 135к2с1",Ст.м. Купчино,Прямой
Деловые Линии,ст.м. Парнас,"1-й Верхний пер., д.12 Б",1/2 круга
Деловые Линии,"1-й Верхний пер., д.12 Б",ст.м. Парнас,1/2 круга
Деловые Линии,ст.м. Парнас,"1-й Верхний пер., д.12 Б",Прямой
Дикси-ЮГ (РЦ Шушары),"Колпино, ж/д вокзал","Московское ш., 70к4В",1/2 круга
Дикси-ЮГ (РЦ Шушары),"Московское ш., 70к4В","Колпино, ж/д вокзал",1/2 круга
ЕвроТек,Пр. Маршала Жукова/ пр. Ветеранов,"Терволово, Ленинградская ул., 15Э",Прямой
ЕвроТек,"Терволово, Ленинградская ул., 15Э",Пр. Маршала Жукова/ пр. Ветеранов,Прямой
КЛЕВЕР,"Дачный проспект, 19к1","Таллинское ш., д. 206",Прямой
КЛЕВЕР,"Таллинское ш., д. 206",Ст.м. Проспект Ветеранов,Прямой
Кадры 24,Яковлевский переулок 2,"Купчино - Московский пр., 161к13",1/2 круга
Кадры 24,"Московский пр., 161к13",Купчино - Яковлевский переулок 2,1/2 круга
Касимово (школа),Пр.Культуры/ пр.Луначарского,"д.Касимово, Новая ул., 12",Прямой
Касимово (школа),"д.Касимово, Новая ул., 12",Ст.м. Озерки,Прямой
Касимово (школа) дети,Пр.Культуры/ пр.Луначарского,"д.Касимово, Новая ул., 12",Прямой
Коломенский,"ул. Салова, 29","Пушкин, Тиньков переулок, 7Д",1/2 круга
Коломенский,"Пушкин, Тиньков переулок, 7Д","ул. Салова, 29",1/2 круга
Коломенский (Гатчина),"Гатчина, Балтийский вокзал","Пушкин, Тиньков переулок, 7Д",1/2 круга
Коломенский (Гатчина),"Пушкин, Тиньков переулок, 7Д","Гатчина, Красноармейский пр., 50",1/2 круга
Коломенский (ЖК Солнечный город),"Пр. Ветеранов, 214","Пушкин, Тиньков переулок, 7Д",1/2 круга
Коломенский (ЖК Солнечный город),"Пушкин, Тиньков переулок, 7Д","Пр. Ветеранов, 183",1/2 круга
Коломенский (Колпино),"Колпино, Привокзальная площадь","Пушкин, Тиньков переулок, 7Д",1/2 круга
Коломенский (Колпино),"Пушкин, Тиньков переулок, 7Д","Колпино, Привокзальная площадь",1/2 круга
Коломенский (Коммунар),"Коммунар, Ленинградское ш., 7А","Пушкин, Тиньков переулок, 7Д",1/2 круга
Коломенский (Коммунар),"Пушкин, Тиньков переулок, 7Д","Коммунар, Ленинградское ш., 7А",1/2 круга
Коломенский (Красное Село),Автобусная станция Красное Село,"Пушкин, Тиньков переулок, 7Д",1/2 круга
Коломенский (Красное Село),"Пушкин, Тиньков переулок, 7Д",Автобусная станция Красное Село,1/2 круга
Коломенский (Ст.м. Московская),"Ст.м. Московская, Демонстрационный проезд","Пушкин, Тиньков переулок, 7Д",1/2 круга
Коломенский (Ст.м. Московская),"Пушкин, Тиньков переулок, 7Д","Ст.м. Московская, Демонстрационный проезд",1/2 круга
Коломенское - Хлебный дом (Смоленская),"Смоленская улица, 18А","Пушкин, Тиньков переулок, 7Д",Прямой
Коломенское - Хлебный дом (Смоленская),"Пушкин, Тиньков переулок, 7Д","Смоленская улица, 18А",Прямой
ЛСР,Ст.м. Гражданский проспект,"Муринская дорога, 10",Прямой
ЛСР,"Муринская дорога, 10",Ст.м. Гражданский проспект,Прямой
ЛСС,Ст.м. Озерки,Аэродром Левашово,Прямой
ЛСС,Аэродром Левашово,Ст.м. Озерки,Прямой
ЛеманаПро (Гатчина),"Гатчина, улица Чехова, 14Ас3","Московское ш., 177А",1/2 круга
ЛеманаПро (Гатчина),"Московское ш., 177А","Гатчина, улица Чехова, 14Ас3",1/2 круга
ЛеманаПро (Колпино),"Колпино, ул. Труда, 22/15","Московское ш., 177А",1/2 круга
ЛеманаПро (Колпино),"Московское ш., 177А","Колпино, ул. Труда, 22/15",1/2 круга
ЛеманаПро (ст.м. Купчино),"Московское ш., 177А",Ст.м. Купчино,Прямой
ЛеманаПро (ст.м. Проспект Ветеранов),Ст.м. Проспект Ветеранов,"Московское ш., 177А",1/2 круга
ЛеманаПро (ст.м. Проспект Ветеранов),"Московское ш., 177А",Ст.м. Проспект Ветеранов,1/2 круга
Лесная Рапсодия,"ул. Савушкина, 13","ЛО, п.Ильичево, Ул. Линтульская аллея, д.8",1/2 круга
Лесная Рапсодия,"ЛО, п.Ильичево, Ул. Линтульская аллея, д.8","ул. Савушкина, 13",1/2 круга
Лесная Рапсодия,"ЛО, п.Ильичево, Ул. Линтульская аллея, д.8",Ст. м. Черная Речка,Прямой
МГ,Дачный 19к1,"Волхонское ш., 6 - Волхонское ш., 4",Прямой
МГ,Дачный 19к1,"Волхонское ш., 6",Прямой
МГ,"Волхонское ш., 4 - Волхонское ш., 6",Дачный 19к1,Прямой
МГ,"Волхонское ш., 6",Дачный 19к1,Прямой
Муринская - Коломенское,"Ул. Ольги Форш, 10","Тиньков переулок, 7Д",Прямой
Муринская - Коломенское,"Тиньков переулок, 7Д","Ул. Ольги Форш, 10",Прямой
Муринская - Хлебный дом - Коломенское,"Ул. Ольги Форш, 10","Тиньков переулок, 7Д",1/2 круга
Муринская - Хлебный дом - Коломенское,"Тиньков переулок, 7Д","Смоленская улица, 18А",1/2 круга
Муринская - Хлебный дом - Коломенское,"Тиньков переулок, 7Д","Ул. Ольги Форш, 10",1/2 круга
Муринская - Хлебный дом - Коломенское,"Смоленская улица, 18А","Тиньков переулок, 7Д",1/2 круга
НАО Перинт,Ст.м. Дыбенко,"Заневское городское поселение, 1-й проезд, 15/16, территория Соржа",Прямой
НПО Промет,"Ст.м.Купчино (Витебский пр., 101)","Московское ш., 139",Прямой
НПО Промет,"Московское ш., 139",Ст.м.Купчино,Прямой
НТК,Ст.м. Купчино,"Федоровское, 1-й Восточный пр., 9",Прямой
НТК,"Федоровское, 1-й Восточный пр., 9",Ст.м. Купчино,Прямой
ООО АБ Инжиниринг,Ст.м. Проспект Просвещения,"АК ""Левашово""",Прямой
ООО АБ Инжиниринг,"АК ""Левашово""",Ст.м. Проспект Просвещения,Прямой
ООО Т2 Мобайл (Ст.м. Беговая),Ст.м. Беговая,"Приморский пр., 54к1",Прямой
ООО Т2 Мобайл (Ст.м. Старая Деревня),Ст.м. Старая Деревня,"Приморский пр., 54к1",Прямой
ООО ЧОО РН БЕЗОПАСНОСТЬ (Волхонское),"Колпино, Финляндская ул., 17к3","Волхонское ш., 108с4 - Колпино, Финляндская ул., 17к3",Прямой
ООО ЧОО РН БЕЗОПАСНОСТЬ (Колпино),"Колпино, Финляндская ул., 17к3","Колпинское ш., 135к2с1 - Колпино, Финляндская ул., 17к3",Прямой
ООО ЧОО РН БЕЗОПАСНОСТЬ (Колпино),"Колпино, Финляндская ул., 17к3","Колпинское ш., 135к2с1",Прямой
Оглаенд Систем,"Коломяжский пр., 26А","Горское ш., 169",Прямой
Оглаенд Систем,"Горское ш., 169","Коломяжский пр., 24",Прямой
Оглаенд Систем (Бугры),"Бугры, Южная ул., 5 (Лента, парковка)","Горское ш., 169",Прямой
Оглаенд Систем (Бугры),"Горское ш., 169","Бугры, Южная ул., 5 (Лента, парковка)",Прямой
Один,Дачный 19к1,"Волхонское ш., 4к8 стр. 2",Прямой
Один,"Волхонское ш., 4к8 стр. 2",Дачный 19к1,Прямой
Оптоган,Ст.м. Проспект Ветеранов,"Таллинское ш., 206",Прямой
Оптоган,"Таллинское ш., 206",Ст.м. Проспект Ветеранов,Прямой
ПАО «Россети Ленэнерго»,Ст.м. Черная речка,"Белоостров, Новое ш., 53А",Прямой
ПАО «Россети Ленэнерго»,"Белоостров, Новое ш., 53А",Ст.м. Черная речка,Прямой
ПИТ-ПРОДУКТ (Красное Село),"Красное Село, Красногородская ул./ Гатчинское ш.","ул. Понссе, 3",1/2 круга
ПИТ-ПРОДУКТ (Красное Село),"ул. Понссе, 3","Красное Село, Красногородская ул./ Гатчинское ш.",1/2 круга
ПИТ-ПРОДУКТ (ст.м. Московская),"Пр. Большевиков, д.1","ул. Понссе, 3",1/2 круга
ПИТ-ПРОДУКТ (ст.м. Московская),"ул. Понссе, 3",Ст.м. Московская,1/2 круга
ПИТ-ПРОДУКТ (ст.м. Московская),Ст.м. Московская (Демонстрационный пр-д),"ул. Понссе, 3",1/2 круга
ПИТ-ПРОДУКТ (ст.м. Московская),"ул. Понссе, 3",Ст.м. Московская,Прямой
Пеоли РУС,"Витебский пр., 99 (ст.м. Купчино)","Московское ш., 26 и через откатные ворота к Москоскому ш.56",1/2 круга
Пеоли РУС,"Московское ш., 26","Витебский пр., 99 (ст.м. Купчино)",1/2 круга
Пеоли РУС,"Витебский пр., 99 (ст.м. Купчино)","Московское ш., 26 и через откатные ворота к Москоскому ш.64",1/2 круга
Петрович (ст.м.Гражданский проспект),Ст.м.Гражданский пр.,"ЦО (6-й Верхний переулок, 12В)",Прямой
Петрович (ст.м.Гражданский проспект),"ЦО (6-й Верхний переулок, 12В)",Ст.м.Гражданский пр.,Прямой
Петрович (ст.м.Парнас),Ст.м. Парнас,"ЦО (6-й Верхний переулок, 12В)",Прямой
Петрович (ст.м.Парнас),"ЦО (6-й Верхний переулок, 12В)",Ст.м. Парнас,Прямой
Равиолло,"Ст.м. Московская Демонстрационный пр-д, остановка","Петергофское ш., 73к2",1/2 круга
Равиолло,"Петергофское ш., 73к2",Ст.м. Ленинский пр.,1/2 круга
Равиолло,Ст.м. Ленинский пр.,"Петергофское ш., 73к2",1/2 круга
Равиолло,Ст.м. Проспект Ветеранов,"Петергофское ш., 73к2",Прямой
Равиолло,Ст.м. Ленинский пр.,"Петергофское ш., 73к2",Прямой
Равиолло,"Петергофское ш., 73к2",Ст.м. Ленинский пр.,Прямой
Равиолло,"Петергофское ш., 73к2",Ст.м. Проспект Ветеранов,Прямой
Резерв (Бронка),"Ломоносов, ж/д-ст. Бронка","пр. Александровской Фермы, 29Б",1/2 круга
Резерв (Бронка),"пр. Александровской Фермы, 29Б","Ломоносов, ж/д-ст. Бронка",1/2 круга
Резерв (Бронка),"пр. Александровской Фермы, 29Б","Ломоносов, ж/д-ст. Бронка",Прямой
Резерв (Бронка),"Ломоносов, ж/д-ст. Бронка","пр. Александровской Фермы, 29Б",Прямой
Резерв (Московский проспект),"пр. Александровской Фермы, 29Б","Прогонная ул., 1",Прямой
Резерв (Московский проспект),"Прогонная ул., 1","пр. Александровской Фермы, 29Б",Прямой
Респект,Ст.м. Московская,"6-й Предпортовый пр-д, 14к13",Прямой
Респект,"6-й Предпортовый пр-д, 14к13",Ст.м. Московская,Прямой
"Ресторан ""В чаще""","Мурино, пр. Авиаторов Балтики, 5","Людмилы Кедриной, 23 (Охта парк)",Прямой
"Ресторан ""В чаще""",Ст.м.Девяткино (через Бугры),"Людмилы Кедриной, 23 (Охта парк)",Прямой
"Ресторан ""В чаще""","Бугры, Шоссейная ул., 5","Людмилы Кедриной, 23 (Охта парк)",Прямой
"Ресторан ""В чаще""","Людмилы Кедриной, 23 (Охта парк, через Бугры)",Ст.м.Девяткино,Прямой
"Ресторан ""В чаще""","Людмилы Кедриной, 23 (Охта парк)",Ст.м.Девяткино,Прямой
"Ресторан ""В чаще"" (Парнас)",Ст.м. Парнас (через Бугры),"Людмилы Кедриной, 23 (Охта парк)",Прямой
"Ресторан ""В чаще"" (Парнас)","Мистолово, Фабрика-кухня",Ст.м. Парнас (через Бугры),Прямой
"Ресторан ""В чаще"" (Парнас)","Людмилы Кедриной, 23 (Охта парк)",Ст.м. Парнас (через Бугры),Прямой
Ресторанная Служба,"СПб, Савушкина 9","ЛО, п. Ильичево, ул. Линтульская аллея, д. 1",1/2 круга
Ресторанная Служба,"ЛО, п. Ильичево, ул. Линтульская аллея, д. 1","СПб, Савушкина 9",1/2 круга
Ресторанная Служба,"ЛО, п. Ильичево, ул. Линтульская аллея, д. 1","СПб, Савушкина 9",Прямой
СИП,Корабельная  6,Ленинский пр.100,Прямой
СИП,Ленинский пр.100,Корабельная  6,Прямой
СК-Сервис,Ст.м.Ветеранов,"Петергофское ш., д. 71",1/2 круга
СК-Сервис,"Петергофское ш., д. 71",Ст.м.Ветеранов,1/2 круга
СМУ-2,"пр. Стачек, 67к7","пр. Энтузиастов, 44",Прямой
СМУ-2,"пр. Энтузиастов, 44","пр. Стачек, 67к7",Прямой
СМУ-2 (Парнас),"пр. Стачек, 67к7","Парнас, 3-й Верхний переулок, 11",Прямой
СМУ-2 (Парнас),"Парнас, 3-й Верхний переулок, 11","пр. Стачек, 67к7",Прямой
СМУ-2 (Репино),"пр. Стачек, 67к7","п.Репино, Спасо-Преображенская улица, 36 А",Прямой
СМУ-2 (Репино),"п.Репино, Спасо-Преображенская улица, 36 А","пр. Стачек, 67к7",Прямой
"Санаторий ""Белые ночи""","Комендантский пр., 14к1","38-й км Приморского шоссе, 2",Прямой
"Санаторий ""Белые ночи""","пос. Первомайское,ул. Советская 4 (маг. Пятерочка"")","38-й км Приморского шоссе, 2",Прямой
"Санаторий ""Белые ночи""","38-й км Приморского шоссе, 2","ст. м. ""Черная речка"" (напротив Ушаковского путепровода)",Прямой
"Санаторий ""Белые ночи""","38-й км Приморского шоссе, 2","пос. Первомайское,ул. Советская 4 (маг. Пятерочка"")",Прямой
Сатурн (Ст.м. Гражданский Проспект),Ст.м. Гражданский Проспект,"Индустриальный, 71",Прямой
Сатурн (Ст.м. Гражданский Проспект),"Индустриальный, 71",Ст.м. Гражданский Проспект,Прямой
Сатурн (Ст.м. Ладожская),Ст.м. Ладожская,"Индустриальный, 71",Прямой
Сатурн (Ст.м. Ладожская),"Индустриальный, 71",Ст.м. Ладожская,Прямой
Сбербанк,Ст.м. Пл.Ленина,"ул.Львовская, 27",Прямой
Сбербанк,"ул.Львовская, 27",Ст.м. Пл.Ленина,Прямой
Сберлогистика,"Витебский пр., 99 (ст.м. Купчино)","Московское ш., 26 и через откатные ворота к Москоскому ш.52",1/2 круга
Сберлогистика,"Витебский пр., 99 (ст.м. Купчино)","Московское ш., 52",1/2 круга
Сберлогистика,"Московское ш., 52","Витебский пр., 99 (ст.м. Купчино)",1/2 круга
Северные сети,"Ветеранов 122 ""Хостел Лига""","Новогорелово, улица 9",Прямой
Северные сети,"Новогорелово, улица 9","Ветеранов 122 ""Хостел Лига""",Прямой
Сервис Плюс,"Витебский пр., 99 (ст.м. Купчино)","Московское ш., 26 и через откатные ворота к Москоскому ш.52",1/2 круга
Сервис Плюс,"Московское ш., 52","Витебский пр., 99 (ст.м. Купчино)",1/2 круга
Стоун Айленд,Ст.м. Проспект Просвещения,"Токсово, Зубровник (напротив)",Прямой
Стоун Айленд,"Токсово, Зубровник (напротив)",Ст.м. Проспект Просвещения,Прямой
ТИС,Ст.м. Проспект Ветеранов,"Новоселье, ул. Петропавловская дом 13",Прямой
ТИС,"Новоселье, ул. Петропавловская дом 13",Ст.м. Проспект Ветеранов,Прямой
"ТИС, ""Сестрорецкий курорт""",Ст.м.Черная Речка,"Сестрорецк, ул. Максима Горького, 2",Прямой
"ТИС, ""Сестрорецкий курорт""","Сестрорецк, ул. Максима Горького, 2",Ст.м.Черная Речка,Прямой
ТМГ,"ул., Тельмана 8","Промышленный район, Центральное отделение, 63",Прямой
ТМГ,"Промышленный район, Центральное отделение, 63","ул., Тельмана 8",Прямой
Таможня,"Московский пр., 193В","Петербургское ш., 62к4 (ПБС)",Прямой
Таможня,"Петербургское ш., 62к4 (ПБС)","Московский пр., 193В",Прямой
Текманн,Ст.м. Черная речка,"ул. 3-я Конная Лахта, 38",Прямой
Текманн,"ул. 3-я Конная Лахта, 38",Ст.м. Черная речка,Прямой
Теплореконструкция,Ст.м. Черная Речка,"Кронштадт, Петровская улица, 2А",Прямой
Теплореконструкция,"Кронштадт, Петровская улица, 2А",Ст.м. Черная Речка,Прямой
Тим - Профи,"Корабельная ул., 6к1","Шушары, Школьная ул., 81",Прямой
Тим - Профи,"Хостел ""Мэрибель"", Октябрьская наб., 50","Участок в Кудрово напротив Мурманское ш., 1",Прямой
Тим - Профи,"Участок в Кудрово напротив Мурманское ш., 1","Хостел ""Мэрибель"", Октябрьская наб., 50",Прямой
Тим - Профи,"Шушары, Школьная ул., 81","Корабельная ул., 6к1",Прямой
Тим-Профи,"Московское ш., 115с4","Шушары - Витебский пр., 109",Прямой
Тим-Профи,"Московское ш., 115с4","Шушары, Новгородский проспект, 2к1",Прямой
Тим-Профи,"Стачек, 18, корп. 2Б","Шушары, Новгородский проспект, 2к1",Прямой
Тим-Профи,"Корабельная ул., 6к1","Шушары, Новгородский проспект, 2к1",Прямой
Тим-Профи,"Шушары, Новгородский проспект, 2к1","Московское ш., 115с4",Прямой
Тим-Профи,"Витебский пр., 109","Московское ш., 115с4",Прямой
Тим-Профи,Витебский пр./ Шушарская дорога,"Тамбовская ул., 80",Прямой
Тим-Профи,"Московское ш., 115с4","Шушары, Школьная ул., 81",Прямой
Тим-Профи,"Тамбовская ул., 80",Витебский пр./ Шушарская дорога,Прямой
Тим-Профи,"Шушары, Новгородский проспект, 2к1","Стачек, 18, корп. 2Б",Прямой
Тим-Профи,"Шушары, Новгородский проспект, 2к1","Корабельная ул., 6к1",Прямой
Тим-Профи,"Шушары, Школьная ул., 81","Московское ш., 115с4",Прямой
ФГУП ФЭО,"Колпино, ж/д станция","Колпино, полигон Красный Бор",1/2 круга
ФГУП ФЭО,"Колпино, полигон Красный Бор","Колпино, ж/д станция",1/2 круга
ФГУП ФЭО,"Колпино, ж/д станция","Колпино, полигон Красный Бор",Прямой
ФГУП ФЭО,"Колпино, полигон Красный Бор","Колпино, ж/д станция",Прямой
Фокус,"Ст.м.Купчино (Витебский пр., 101)","П. Федоровское, ул.Почтовая д16",Прямой
Фокус,"П. Федоровское, ул.Почтовая д16",Ст.м.Купчино,Прямой
Формация (Ст.м. Беговая),Ст.м. Беговая,"Горское шоссе, д. 169 (через ЗСД)",1/2 круга
Формация (Ст.м. Беговая),"Горское шоссе, д. 169",Ст.м. Беговая (через ЗСД),1/2 круга
Формация (Ст.м. Беговая),Ст.м. Беговая,"Горское шоссе, д. 169 (через ЗСД)",Прямой
Формация (Ст.м. Беговая),"Горское шоссе, д. 169",Ст.м. Беговая (через ЗСД),Прямой
Формация (Ст.м. Девяткино),Ст.м. Девяткино,"Горское шоссе, д. 169",1/2 круга
Формация (Ст.м. Девяткино),"Горское шоссе, д. 169",Ст.м. Девяткино,1/2 круга
Формация (Ст.м. Проспект Просвещения),Ст.м. Проспект Просвещения,"Горское шоссе, д. 169",1/2 круга
Формация (Ст.м. Проспект Просвещения),"Горское шоссе, д. 169",Ст.м. Проспект Просвещения,1/2 круга
Формация (Ст.м. Проспект Просвещения),Ст.м. Проспект Просвещения,"Горское шоссе, д. 169",Прямой
Формация (Ст.м. Проспект Просвещения),"Горское шоссе, д. 169",Ст.м. Проспект Просвещения,Прямой
Формация (Ст.м. Старая Деревня),Ст.м. Старая Деревня,"Горское шоссе, д. 169 (через ЗСД)",Прямой
ХАБ  (ст.м. Ветеранов),"Волхонское шоссе, 11, лит. Б",Ст.м. Проспект Ветеранов,Прямой
ХАБ  (ст.м. Московская),Ст.м. Московская,"Волхонское шоссе, 11, лит. Б",1/2 круга
ХАБ  (ст.м. Московская),"Волхонское шоссе, 11, лит. Б",Ст.м. Московская,1/2 круга
Хлеб и соль,По запросу,По запросу,Прямой
"Хлебный дом (""Огни залива"")","Ленинский пр., 43","Смоленская улица, 6 (остановка)",1/2 круга
"Хлебный дом (""Огни залива"")","Ленинский пр., 43","Смоленская улица, 18А",1/2 круга
"Хлебный дом (""Огни залива"")","Смоленская улица, 18А","Ленинский пр., 43",1/2 круга
"Хлебный дом (""Огни залива"")","Смоленская улица, 6 (остановка)","Ленинский пр., 43",1/2 круга
Хлебный дом (Маршала Тухачевского),"Ул. Ольги Форш, 10","ул. Маршала Тухачевского, 24",1/2 круга
Хлебный дом (Маршала Тухачевского),"ул. Маршала Тухачевского, 24","Ул. Ольги Форш, 10",1/2 круга
Хлебный дом (Маршала Тухачевского),"ул. Маршала Тухачевского, 24","Ул. Ольги Форш, 10",Прямой
Хлебный дом (Маршала Тухачевского),"Ул. Ольги Форш, 10","ул. Маршала Тухачевского, 24",Прямой
Хлебный дом (ст.м. Ладожская),"Заневский пр., 42 - Заневский пр., 32","Смоленская улица, 6 (остановка)",1/2 круга
Хлебный дом (ст.м. Ладожская),"Заневский пр., 32","Смоленская улица, 6 (остановка)",1/2 круга
Хлебный дом (ст.м. Ладожская),"Смоленская улица, 6 (остановка)","Заневский пр., 32",1/2 круга
Хлебный дом (ст.м. Ладожская),"Смоленская улица, 6 (остановка)","Заневский пр., 42",1/2 круга
Хлебный дом (ст.м. Ладожская),"Смоленская улица, 6 (остановка)","Заневский пр., 59 - Заневский пр., 42",1/2 круга
Хонор,"Софийская, 118 к.4 стр.3","Московское ш., 117с1",Прямой
Хонор,"Московское ш., 117с1","Софийская, 118 к.4 стр.3",Прямой
